parentID,Родительская категория WB,subjectID,Категория / предмет WB,Карточек,Размерных вариантов,SKU / штрихкодов,Бренды
6943,Все для садоводства,1763,Грунты для растений,1,1,1,Грунты для растений
6,Головные уборы,1563,Балаклавы,2,2,2,Nike
4268,Здоровье,1938,Оздоровительная косметика,9,9,9,Chica Cosmetics | SUMIFUN
7,Игрушки,2547,Игрушки антистресс,3,3,3,Lucky Mall
7,Игрушки,120,Настольные игры для детей,1,1,1,Челюсти
7,Игрушки,1036,Сортеры,1,1,1,Сортер Яйца
49,Красота,1250,Хайлайтеры,13,13,13,CHARLOTTE TILBURY | Dior | Rare Beauty
49,Красота,355,Румяна,9,9,9,CHARLOTTE TILBURY | Dior
49,Красота,346,Тени,7,7,7,CHARLOTTE TILBURY | Dior
49,Красота,1918,Тинты для губ,7,7,7,LANEIGE
49,Красота,349,Блески,6,6,6,KIKO MILANO
49,Красота,357,Кремы,6,6,6,Beauty of Joseon | Estee Lauder | SKIN1004
49,Красота,354,Основы под макияж,6,6,6,CHARLOTTE TILBURY | e.l.f. Cosmetics
49,Красота,344,Помады,5,5,5,Dior
49,Красота,1931,Бронзеры,4,4,4,Dior
49,Красота,6120,Краски для бровей и ресниц,3,3,3,PUSY
49,Красота,352,Пудры,2,2,2,CHARLOTTE TILBURY
49,Красота,436,Спреи,2,2,2,SPF 50+++
49,Красота,372,Сыворотки,2,2,2,Hoygi | SKIN1004
49,Красота,347,Туши,2,2,2,Chanel | VIVIENNE SABO
49,Красота,1930,Фиксаторы макияжа,2,2,2,CHARLOTTE TILBURY | MAC
49,Красота,1928,BB-кремы,2,2,2,Misha
49,Красота,385,Дезодоранты,1,1,1,JaySuing
49,Красота,366,Тоники,1,1,1,SKIN1004
3109,Продукты,406,Чай,17,17,17,SATTI
3497,Спортивная обувь,128,Бутсы,2,10,10,Lucky Sport
1513,Спортивная одежда,491,Кимоно спортивное,31,448,448,Киокушинкай | adidas | Essimo | Hayabusa | Kingz Kimonos | KuSakura | Lucky Sport | Manto | Mizuno | SHOYOROLL | Venum
1513,Спортивная одежда,5209,Комбинезоны спортивные,4,60,60,Kingz Kimonos
1513,Спортивная одежда,4606,Защита груди женская,1,6,6,Lucky Sport
1605,Спортивные аксессуары,921,Перчатки боксерские,86,320,320,Bad boy | BadBoy | Lucky Sport | RDX | Venum
1605,Спортивные аксессуары,248,Шлемы спортивные,40,122,122,Everlast | Lucky Sport
1605,Спортивные аксессуары,240,Щитки,29,120,120,Lucky Sport | Venum
1605,Спортивные аксессуары,2021,Перчатки спортивные,20,90,90,Lucky Sport
1605,Спортивные аксессуары,2925,Пояса для единоборств,11,88,88,Kingz Kimonos | Mizuno
1605,Спортивные аксессуары,2625,Перчатки ММА,7,24,24,Lucky Sport
1605,Спортивные аксессуары,393,Наколенники,2,7,7,ASICS | Lucky Sport
1605,Спортивные аксессуары,392,Налокотники,2,4,4,Venum
1605,Спортивные аксессуары,7640,Сумки спортивные,2,2,2,Lucky Sport
1605,Спортивные аксессуары,569,Защитные наборы,1,6,6,
1605,Спортивные аксессуары,417,Нарукавники,1,1,1,
239,Спортивный товар,1302,Мячи спортивные,18,22,22,Lucky Sport | Molten
239,Спортивный товар,458,Лапы,17,17,17,Lucky Sport
239,Спортивный товар,1509,Сетки спортивные,6,6,6,Lucky Sport | Volleyball.net
239,Спортивный товар,249,Эспандеры,6,6,6,Эспандер кистовой | Lucky Sport
239,Спортивный товар,414,Бинты спортивные,2,2,2,Lucky Sport
239,Спортивный товар,4424,Лямки спортивные,1,1,1,
1598,Хранение вещей,783,Органайзеры для хранения,1,1,1,Lucky Mall
